<beans xmlns="http://www.springframework.org/schema/beans"
	xmlns:xsi="http://www.w3.org/2001/XMLSchema-instance" xmlns:tx="http://www.springframework.org/schema/tx"
	xmlns:mvc="http://www.springframework.org/schema/mvc" xmlns:context="http://www.springframework.org/schema/context"
	xsi:schemaLocation="http://www.springframework.org/schema/beans http://www.springframework.org/schema/beans/spring-beans.xsd
       http://www.springframework.org/schema/tx http://www.springframework.org/schema/tx/spring-tx.xsd
       http://www.springframework.org/schema/mvc http://www.springframework.org/schema/mvc/spring-mvc.xsd
       http://www.springframework.org/schema/context http://www.springframework.org/schema/context/spring-context.xsd">

	 <context:component-scan base-package="com.docu" />
	   <!-- Getting Database properties -->
	<context:property-placeholder location="classpath:application.properties" />
	
	  
	  
	  <mvc:annotation-driven />

	<!-- Specifying the Resource location to load JS, CSS, Images etc -->
	<mvc:resources mapping="/resources/**" location="/resources/" />
	  <bean
		class="org.springframework.web.servlet.view.InternalResourceViewResolver">
		<property name="prefix">
			<value>/</value>
		</property>
		<property name="suffix">
			<value>.jsp</value>
		</property>
		
		
	</bean>
	
	<bean id="multipartResolver" class="org.springframework.web.multipart.commons.CommonsMultipartResolver">
    <property name="maxUploadSize" value="10000000"/>
</bean>
	
                <bean id="dataSource" class="org.springframework.jdbc.datasource.DriverManagerDataSource">  
				<property name="driverClassName" value="${database.driver}" />  
				<property name="url" value="${database.url}" />  
				<property name="username" value="${database.user}" />  
				<property name="password" value="${database.password}" />  
				</bean>  
				
				
				<!-- Hibernate SessionFactory -->
	<bean id="sessionFactory" class="org.springframework.orm.hibernate4.LocalSessionFactoryBean">
		<property name="dataSource" ref="dataSource"></property>
		<property name="hibernateProperties">
			<props>
				<prop key="hibernate.dialect">${hibernate.dialect}</prop>
				<prop key="hibernate.hbm2ddl.auto">${hibernate.hbm2ddl.auto}</prop>
				<prop key="hibernate.format_sql">${hibernate.format_sql}</prop>
				<prop key="hibernate.show_sql">${hibernate.show_sql}</prop>
			</props>
		</property>
		<property name="packagesToScan" value="com.docu.model"></property>
	</bean>
				
				<!-- Transaction -->
			<bean id="transactionManager"	class="org.springframework.orm.hibernate4.HibernateTransactionManager">
						<property name="sessionFactory" ref="sessionFactory" />
			</bean>
				
				 <bean id="docuOp" class="com.docu.dao.docuOpdao">  </bean>  
				  <bean id="docuSrv" class="com.docu.services.docuServices"></bean>
				 
				 <tx:annotation-driven transaction-manager="transactionManager" />
				
	</beans>